Article Number,Topic,Article Content
5,अंतरिक्ष में दूरसंचार और डेटा ट्रांसमिशन,"### अंतरिक्ष में दूरसंचार और डेटा ट्रांसमिशन

अंतरिक्ष में दूरसंचार और डेटा ट्रांसमिशन एक महत्वपूर्ण विषय है, जो न केवल वैज्ञानिक अनुसंधान के लिए आवश्यक है, बल्कि मानवता की समझ और ज्ञान का विस्तार करने में भी सहायक है। इस लेख में हम अंतरिक्ष में दूरसंचार के तरीकों, तकनीकों, और उनके महत्व को समझेंगे।

#### 1. अंतरिक्ष दूरसंचार का महत्व

आधुनिक युग में, अंतरिक्ष दूरसंचार हमारे जीवन का अभिन्न हिस्सा बन गया है। जब हम उपग्रह टीवी, इंटरनेट, और मोबाइल संचार की बात करते हैं, तो हम दरअसल उन उपग्रहों की सेवाओं का उपयोग कर रहे हैं जो पृथ्वी के ऑर्बिट में स्थित हैं। अंतरिक्ष में दूरसंचार केवल मनोरंजन के लिए ही नहीं है, बल्कि यह मौसम की भविष्यवाणी, आपातकालीन सेवाएं, और वैज्ञानिक अनुसंधान में भी महत्वपूर्ण भूमिका निभाता है।

#### 2. दूरसंचार अवसंरचना

अंतरिक्ष में दूरसंचार अवसंरचना में मुख्य रूप से उपग्रह, ग्राउंड स्टेशन, और ट्रांसपॉंडर शामिल होते हैं। उपग्रह पृथ्वी के चारों ओर विभिन्न कक्षाओं में घूमते हैं और जानकारी को एक स्थान से दूसरे स्थान पर भेजते हैं। ग्राउंड स्टेशन, जो पृथ्वी पर स्थित होते हैं, उपग्रहों के साथ संचार स्थापित करते हैं और डेटा को रिसीव करते हैं। ट्रांसपॉंडर उपग्रह के अंदर होते हैं और इनकी सहायता से डेटा को एक स्थान से दूसरे स्थान पर ट्रांसमिट किया जाता है।

#### 3. उपग्रहों के प्रकार

अंतरिक्ष में कई प्रकार के उपग्रह होते हैं, जैसे कि:

- **जियोस्टेशनरी उपग्रह**: ये उपग्रह पृथ्वी की सतह पर एक निश्चित स्थान पर स्थिर रहते हैं। ये लगभग 36,000 किलोमीटर की ऊँचाई पर होते हैं और मौसम, संचार, और टीवी प्रसारण के लिए उपयोग किए जाते हैं।

- **लो अर्थ ऑर्बिट (LEO) उपग्रह**: ये उपग्रह पृथ्वी के करीब होते हैं, लगभग 200 से 2000 किलोमीटर की ऊँचाई पर। इनका उपयोग आमतौर पर पर्यावरणीय निगरानी, मौसम की जानकारी, और अन्य वैज्ञानिक उद्देश्यों के लिए किया जाता है।

- **मीडियम अर्थ ऑर्बिट (MEO) उपग्रह**: ये उपग्रह LEO और GEO के बीच होते हैं और मुख्यतः नेविगेशन सेवाओं के लिए उपयोग किए जाते हैं, जैसे कि GPS।

#### 4. डेटा ट्रांसमिशन तकनीकें

अंतरिक्ष में डेटा ट्रांसमिशन के लिए कई तकनीकें और प्रोटोकॉल्स का उपयोग किया जाता है। इनमें से कुछ प्रमुख तकनीकें निम्नलिखित हैं:

- **माइक्रोवेव संचार**: यह तकनीक वायुमंडल में डेटा को माइक्रोवेव तरंगों के माध्यम से ट्रांसमिट करती है। माइक्रोवेव लंबी दूरी के संचार के लिए उपयुक्त हैं और इनकी क्षमता काफी अच्छी होती है।

- **फ्री-स्पेस ऑप्टिकल संचार**: इस तकनीक में डेटा को लेज़र बिंदु के माध्यम से एक उपग्रह से दूसरे उपग्रह या ग्राउंड स्टेशन पर भेजा जाता है। यह विधि तेज और उच्च बैंडविड्थ संचार के लिए उपयुक्त है, लेकिन इसके लिए स्पष्ट आसमान की आवश्यकता होती है।

- **QPSK और 8PSK**: ये विशेष माड्यूलेशन तकनीकें हैं, जो डेटा ट्रांसमिशन की क्षमता को बढ़ाने के लिए उपयोग की जाती हैं। ये कई बिट्स को एक ही सिग्नल में संकुचित करने की क्षमता रखती हैं।

#### 5. चुनौतियाँ और समाधान

अंतरिक्ष में दूरसंचार और डेटा ट्रांसमिशन के कई चुनौतीपूर्ण पहलू हैं। इनमें से कुछ प्रमुख चुनौतियाँ हैं:

- **सिग्नल विलंबता**: पृथ्वी से उपग्रहों तक सिग्नल पहुंचाने में समय लगता है, खासकर जब उपग्रह जियोस्टेशनरी से दूर हैं। इस विलंबता को दूर करने के लिए नई तकनीकों का विकास किया जा रहा है।

- **वायामंडलीय अवरोध**: वायुमंडल में मेघ या वर्षा डेटा ट्रांसमिशन में बाधा डाल सकते हैं। इसके लिए उपग्रहों में बेहतर एंटीना और सिग्नल प्रोसेसिंग तकनीकों का उपयोग किया जाता है।

- **सुरक्षा**: अंतरिक्ष में डेटा का सुरक्षित ट्रांसमिशन भी एक महत्वपूर्ण मुद्दा है। डेटा एन्क्रिप्शन और अन्य सुरक्षा उपायों का उपयोग किया जाता है ताकि डेटा को हैकिंग और अन्य खतरों से बचाया जा सके।

#### 6. भविष्य की संभावनाएँ

भविष्य में, अंतरिक्ष में दूरसंचार और डेटा ट्रांसमिशन में कई नई तकनीकों का विकास हो सकता है। जैसे कि:

- **क्वांटम संचार**: यह एक नई तकनीक है जो डेटा को क्वांटम बिट्स (क्यूबिट्स) के माध्यम से संचारित करती है। यह अत्यंत सुरक्षित संचार का वादा करती है और डेटा ट्रांसमिशन की गति को भी बढ़ा सकती है।

- **स्टारलिंक और अन्य उपग्रह नक्षत्र**: स्पेसएक्स द्वारा"
